<?xml version="1.0" encoding="UTF-8" standalone="yes"?>
<addon id="service.xbmc.soap4me"
       name="Soap4me web proxy"
       version="0.1.0"
       provider-name="eschava">
    <requires>
        <import addon="xbmc.python" version="2.1.0"/>
    </requires>
    <extension point="xbmc.service" library="service.py" start="login"/>
    <extension point="xbmc.addon.metadata">
        <summary lang="en">Soap4.me web proxy</summary>
        <platform>all</platform>
        <license>GNU GENERAL PUBLIC LICENSE. Version 2, June 1991</license>
    </extension>
</addon>
