<?xml version="1.0" encoding="UTF-8" standalone="yes"?>
<addon id="plugin.video.soap4.me" name="Soap4.me" version="1.2.0" provider-name="info@soap4.me">
    <requires>
        <import addon="xbmc.python" version="3.0.1"/>
    </requires>
    <extension point="xbmc.python.pluginsource" library="addon.py">
        <provides>video</provides>
    </extension>
    <extension point="xbmc.addon.metadata">
        <summary lang="en">Soap4.me is the best for apple devices</summary>
        <summary lang="ru">Soap4.me лучший для apple девайсов</summary>
        <description lang="en">Thanks @gimlis, @speedpoke, @eschava and @darkwebdev</description>
        <description lang="ru">спасибо @gimlis, @speedpoke, @eschava и @darkwebdev за него :)</description>
        <platform>all</platform>
        <website>http://soap4.me</website>
    </extension>
</addon>
